{
    "accuracy": 0.67,
    "precision": 0.696969696969697,
    "recall": 0.5,
    "auc": 0.7725442834138486
}